<li>Cecilia Chapman,(257) 563-7401,96522
<li>Iris Watson,(372) 587-2335,20620
<li>Celeste Slater,(786) 713-8616,11523
<li>Theodore Lowe,(793) 151-6230,39531
<li>Calista Wise,(492) 709-6392,47096
<li>Kyla Olsen,(654) 393-5734,10855
<li>Forrest Ray,(404) 960-3807,08219
<li>Hiroko Potter,(314) 244-6306,12482
<li>Nyssa Vazquez,(947) 278-5929,67708
<li>Lawrence Moreno,(684) 579-1879,98804
<li>Ina Moran,(389) 737-2852,69409
<li>Aaron Hawkins,(660) 663-4518,24975
<li>Hedy Greene,(608) 265-2215,38100
<li>Melvin Porter,(959) 119-8364,45149
<li>Keefe Sellers,(468) 353-2641,49854
<li>Joan Romero,(248) 675-4007,19253
<li>Davis Patrick,(939) 353-1107,02913
<li>Leilani Boyer,(570) 873-7090,09289
<li>Colby Bernard,(302) 259-2375,93373
<li>Bryar Pitts,(717) 450-4729,20783
<li>Rahim Henderson,(453) 391-4650,90255
<li>Noelle Adams,(559) 104-5475,37547
<li>Lillith Daniel,(387) 142-9434,48432
<li>Adria Russell,(516) 745-4496,58563
<li>Hilda Haynes,(326) 677-3419,93479
<li>Sheila Mcintosh,(746) 679-2470,30309
<li>Rebecca Chambers,(455) 430-0989,51324
<li>Christian Emerson,(490) 936-4694,92358
<li>Nevada Ware,(985) 834-8285,19759
<li>Margaret Joseph,(662) 661-1446,55797
<li>Edward Nieves,(802) 668-8240,37232
<li>Imani Talley,(477) 768-9247,50654
<li>Bertha Riggs,(791) 239-9057,31626
<li>Wallace Ross,(832) 109-0213,43526
<li>Chester Bennett,(837) 196-3274,95302
<li>Castor Richardson,(268) 442-2428,29738
<li>Sonya Jordan,(850) 676-5117,54886
<li>Harrison Mcguire,(861) 546-5032,77373
<li>Malcolm Long,(176) 805-4108,11292
<li>Raymond Levy,(715) 912-6931,73585
<li>Hedley Ingram,(993) 554-0563,87535
<li>David Mathews,(357) 616-5411,77382
<li>Xyla Cash,(121) 347-0086,35282
<li>Madeline Gregory,(304) 506-6314,82776
<li>Griffith Daniels,(425) 288-2332,92508
<li>Anne Beasley,(145) 987-4962,85794
<li>Chaney Bennett,(187) 582-9707,19408
<li>Daniel Bernard,(750) 558-3965,08609
<li>Willow Hunt,(492) 467-3131,31522
<li>Judith Floyd,(774) 914-2510,58521
<li>Seth Farley,(888) 106-8550,81202
<li>Zephania Sanders,(539) 567-3573,10626
<li>Calista Merritt,(693) 337-2849,58520
<li>Craig Williams,(545) 604-9386,57692
<li>Lee Preston,(221) 156-5026,04645
<li>Katelyn Cooper,(414) 876-0865,26278
<li>Lacy Eaton,(932) 726-8645,69679
<li>Driscoll Leach,(726) 710-9826,03869
<li>Merritt Watson,(622) 594-1662,55246
<li>Nehru Holmes,(948) 600-8503,87323
<li>Quamar Rivera,(605) 900-7508,84872
<li>Hiram Mullins,(716) 977-5775,41329
<li>Kim Fletcher,(368) 239-8275,30135
<li>Rigel Koch,(725) 342-0650,99602
<li>Jeanette Sharpe,(711) 993-5187,91750
<li>Dahlia Lee,(882) 399-5084,76865
<li>Howard Hayden,(287) 755-9948,73490
<li>Hyatt Kramer,(659) 551-3389,63725
<li>Sonya Ray,(275) 730-6868,96892
<li>Cara Whitehead,(725) 757-4047,22767
<li>Blythe Carroll,(314) 882-1496,77987
<li>Dale Griffin,(639) 360-7590,43841
<li>Haviva Holcomb,(168) 222-1592,40684
<li>Ezra Duffy,(896) 303-1164,03828
<li>Eleanor Jennings,(203) 982-6130,50710
<li>Remedios Hester,(906) 217-1470,66309
<li>Jasper Carney,(614) 514-1269,67973
<li>Vielka Nielsen,(763) 409-5446,71983
<li>Wilma Pace,(836) 292-5324,79637
<li>Palmer Gay,(926) 709-3295,06963
<li>Lyle Sutton,(963) 356-9268,07367
<li>Ina Burt,(736) 522-8584,68999
<li>Cleo Best,(410) 483-0352,73510
<li>Hu Park,(252) 204-1434,53700
<li>Liberty Walton,(874) 886-4174,48247
<li>Aaron Trujillo,(581) 379-7573,12657
<li>Elmo Lopez,(983) 632-8597,56618
<li>Emerson Espinoza,(295) 983-3476,28423
<li>Daniel Malone,(873) 392-8802,97020
<li>Dante Bennett,(360) 669-3923,93490
<li>Sade Higgins,(840) 987-9449,62401
<li>Zorita Anderson,(422) 517-6053,05182
<li>Jordan Calderon,(126) 940-2753,87065
<li>Ivor Delgado,(427) 930-5255,92611
<li>Pascale Patton,(689) 721-5145,88317
<li>Nasim Strong,(676) 334-2174,36734
<li>Keaton Underwood,(437) 994-5270,70863
<li>Keegan Blair,(564) 908-6970,19587
<li>Tamara Howe,(577) 333-6244,07528
